{

    "robot":{
        "name": "UR5",
        "dofs": 6,
        "links":[
            {
                "link_id": 0,
                "dh":{
                    "theta": 0.0,            
                    "d": 0.089159,
                    "a": 0.0,
                    "alpha": 1.57079632679489661923
                },
                "dynamic_params":{

                    "mass": 7.9637582,            
                    "com":[-0.0023983783, -0.051099000, -0.0064075029],
                    "inertia":{

                            "Ixx":0.047361000,
                            "Iyy":0.027948983,
                            "Izz":0.040138000,
                            "Ixy":0.0,
                            "Ixz":0.0,
                            "Iyz":0.0
                    }
                        
                }
                
            },



            {
                "link_id": 1,
                "dh":{
                    "theta": 1.57079632679489661923,            
                    "d": 0.0,
                    "a": -0.425,
                    "alpha": 0.0
                },
                "dynamic_params":{

                    "mass": 2.6189549,            
                    "com":[-0.27199000, -0.050000000, -0.080318000],
                    "inertia":{

                            "Ixx":0.89171709,
                            "Iyy":1.7625421,
                            "Izz":2.5169801,
                            "Ixy":0.0,
                            "Ixz":0.0,
                            "Iyz":0.0
                    }
                        
                }
                
            },




            {
                "link_id": 2,
                "dh":{
                    "theta": 1.57079632679489661923,            
                    "d": 0.0,
                    "a": -0.39225,
                    "alpha": 0.0
                },
                "dynamic_params":{

                    "mass": 7.5440000,            
                    "com":[0.0062422845, 0.030640000, 0.063114058],
                    "inertia":{

                            "Ixx":0.66028304,
                            "Iyy":0.28351611,
                            "Izz":0.93963656,
                            "Ixy":0.0,
                            "Ixz":0.0,
                            "Iyz":0.0
                    }
                        
                }
                
            },



            {
                "link_id": 3,
                "dh":{
                    "theta": 0.0,            
                    "d": 0.10915,
                    "a": 0.0,
                    "alpha": 1.57079632679489661923
                },
                "dynamic_params":{

                    "mass": 2.3488000,            
                    "com":[0.035455313, 0.21296500, -0.10879600],
                    "inertia":{

                            "Ixx":0.0,
                            "Iyy":0.36765057,
                            "Izz":0.36765057,
                            "Ixy":0.0,
                            "Ixz":0.0,
                            "Iyz":0.0
                    }
                        
                }
                
            },



            {
                "link_id": 4,
                "dh":{
                    "theta": 0.0,            
                    "d": 0.09465,
                    "a": 0.0,
                    "alpha": -1.57079632679489661923
                },
                "dynamic_params":{

                    "mass": 2.3432207,            
                    "com":[0.0038853698, 0.025798751, 0.08656600],
                    "inertia":{

                            "Ixx":0.0,
                            "Iyy":0.0013644056,
                            "Izz":0.0013644056,
                            "Ixy":0.0,
                            "Ixz":0.0,
                            "Iyz":0.0
                    }
                        
                }
                
            },


            {
                "link_id": 5,
                "dh":{
                    "theta": 0.0,            
                    "d":  0.0823,
                    "a": 0.0,
                    "alpha": 0.0
                },
                "dynamic_params":{

                    "mass": 0.82857161,            
                    "com":[0.0035370346, 0.0021101928, -0.25491905],
                    "inertia":{

                            "Ixx":0.014304167,
                            "Iyy":0.010091649,
                            "Izz":0.024395716,
                            "Ixy":-0.045700676,
                            "Ixz":-0.081859114,
                            "Iyz":-0.095639984
                    }
                        
                }
                
            }

        ]

    }

}